sit; 10; 30.6
amet; 10; 30.6
quis; 7; 21.42
in; 6; 18.36
eget; 6; 18.36
vel; 5; 15.3
et; 5; 15.3
enim; 5; 15.3
volutpat; 4; 12.24
nisl; 4; 12.24
nisi; 4; 12.24
nec; 4; 12.24
mi; 4; 12.24
imperdiet; 4; 12.24
ante; 4; 12.24
ac; 4; 12.24
Donec; 4; 12.24
vulputate; 3; 9.18
vitae; 3; 9.18
varius; 3; 9.18
urna; 3; 9.18
tincidunt; 3; 9.18
tellus; 3; 9.18
sem; 3; 9.18
risus; 3; 9.18
rhoncus; 3; 9.18
quam; 3; 9.18
pretium; 3; 9.18
orci; 3; 9.18
nulla; 3; 9.18
non; 3; 9.18
nibh; 3; 9.18
metus; 3; 9.18
luctus; 3; 9.18
lorem; 3; 9.18
leo; 3; 9.18
lacinia; 3; 9.18
hendrerit; 3; 9.18
felis; 3; 9.18
ex; 3; 9.18
eu; 3; 9.18
est; 3; 9.18
elit; 3; 9.18
eleifend; 3; 9.18
dolor; 3; 9.18
dignissim; 3; 9.18
commodo; 3; 9.18
at; 3; 9.18
Vivamus; 3; 9.18
Sed; 3; 9.18
Quisque; 3; 9.18
Morbi; 3; 9.18
vehicula; 2; 6.12
ut; 2; 6.12
ultricies; 2; 6.12
ultrices; 2; 6.12
tristique; 2; 6.12
tortor; 2; 6.12
tempus; 2; 6.12
semper; 2; 6.12
sapien; 2; 6.12
sagittis; 2; 6.12
rutrum; 2; 6.12
purus; 2; 6.12
pulvinar; 2; 6.12
posuere; 2; 6.12
porttitor; 2; 6.12
pellentesque; 2; 6.12
ornare; 2; 6.12
molestie; 2; 6.12
ipsum; 2; 6.12
interdum; 2; 6.12
id; 2; 6.12
fringilla; 2; 6.12
feugiat; 2; 6.12
eros; 2; 6.12
consequat; 2; 6.12
consectetur; 2; 6.12
condimentum; 2; 6.12
accumsan; 2; 6.12
Ut; 2; 6.12
Suspendisse; 2; 6.12
Pellentesque; 2; 6.12
Nunc; 2; 6.12
Cras; 2; 6.12
viverra; 1; 3.06
vestibulum; 1; 3.06
ullamcorper; 1; 3.06
turpis; 1; 3.06
tempor; 1; 3.06
suscipit; 1; 3.06
sollicitudin; 1; 3.06
sed; 1; 3.06
potenti; 1; 3.06
nunc; 1; 3.06
neque; 1; 3.06
maximus; 1; 3.06
mattis; 1; 3.06
massa; 1; 3.06
ligula; 1; 3.06
lectus; 1; 3.06
laoreet; 1; 3.06
justo; 1; 3.06
iaculis; 1; 3.06
finibus; 1; 3.06
fermentum; 1; 3.06
euismod; 1; 3.06
erat; 1; 3.06
efficitur; 1; 3.06
dui; 1; 3.06
dictum; 1; 3.06
diam; 1; 3.06
dapibus; 1; 3.06
congue; 1; 3.06
augue; 1; 3.06
auctor; 1; 3.06
arcu; 1; 3.06
adipiscing; 1; 3.06
a; 1; 3.06
Vestibulum; 1; 3.06
Proin; 1; 3.06
Phasellus; 1; 3.06
Nullam; 1; 3.06
Nulla; 1; 3.06
Mauris; 1; 3.06
Lorem; 1; 3.06
Fusce; 1; 3.06
Duis; 1; 3.06
Aliquam; 1; 3.06
Aenean; 1; 3.06
